companyName,Title,Description,Requirements,startDate,endDate
삼성,s,5급 첨단 보안직 신입사원 채용,ee,q,03/02~0201
삼성,s,5급 첨단 보안직 신입사원 채용,ee,q,03/02~0201
삼성,s,5급 첨단 보안직 신입사원 채용,ee,q,03/02~0201
삼성,s,5급 첨단 보안직 신입사원 채용,ee,q,03/02~0201
삼성,s,5급 첨단 보안직 신입사원 채용,ee,q,03/02~0201
삼성,s,5급 첨단 보안직 신입사원 채용,ee,q,03/02~0201
삼성,s,5급 첨단 보안직 신입사원 채용,ee,q,03/02~0201
삼성,s,5급 첨단 보안직 신입사원 채용,ee,q,03/02~0201
삼성,s,5급 첨단 보안직 신입사원 채용,ee,q,03/02~0201
삼성,s,5급 첨단 보안직 신입사원 채용,ee,q,03/02~0201
삼성,s,5급 첨단 보안직 신입사원 채용,ee,q,03/02~0201
삼성,s,5급 첨단 보안직 신입사원 채용,ee,q,03/02~0201
삼성,s,5급 첨단 보안직 신입사원 채용,ee,q,03/02~0201
삼성,s,5급 첨단 보안직 신입사원 채용,ee,q,03/02~0201
삼성,s,5급 첨단 보안직 신입사원 채용,ee,q,03/02~0201
삼성,s,5급 첨단 보안직 신입사원 채용,ee,q,03/02~0201
삼성,s,5급 첨단 보안직 신입사원 채용,ee,q,03/02~0201
삼성,s,5급 첨단 보안직 신입사원 채용,ee,q,03/02~0201
삼성,s,5급 첨단 보안직 신입사원 채용,ee,q,03/02~0201
삼성,s,5급 첨단 보안직 신입사원 채용,ee,q,03/02~0201
삼성,s,5급 첨단 보안직 신입사원 채용,ee,q,03/02~0201
삼성,s,5급 첨단 보안직 신입사원 채용,ee,q,03/02~0201
삼성,s,5급 첨단 보안직 신입사원 채용,ee,q,03/02~0201
삼성,s,5급 첨단 보안직 신입사원 채용,ee,q,03/02~0201
삼성,s,5급 첨단 보안직 신입사원 채용,ee,q,03/02~0201
