companyName,Title,Description,Requirements,startDate,endDate
??,s,5?? ÷?? ?????? ?????? ä??,ee,q,03/02~0201
??,s,5?? ÷?? ?????? ?????? ä??,ee,q,03/02~0201
??,s,5?? ÷?? ?????? ?????? ä??,ee,q,03/02~0201
??,s,5?? ÷?? ?????? ?????? ä??,ee,q,03/02~0201
??,s,5?? ÷?? ?????? ?????? ä??,ee,q,03/02~0201
??,s,5?? ÷?? ?????? ?????? ä??,ee,q,03/02~0201
??,s,5?? ÷?? ?????? ?????? ä??,ee,q,03/02~0201
??,s,5?? ÷?? ?????? ?????? ä??,ee,q,03/02~0201
??,s,5?? ÷?? ?????? ?????? ä??,ee,q,03/02~0201
??,s,5?? ÷?? ?????? ?????? ä??,ee,q,03/02~0201
??,s,5?? ÷?? ?????? ?????? ä??,ee,q,03/02~0201
??,s,5?? ÷?? ?????? ?????? ä??,ee,q,03/02~0201
??,s,5?? ÷?? ?????? ?????? ä??,ee,q,03/02~0201
??,s,5?? ÷?? ?????? ?????? ä??,ee,q,03/02~0201
??,s,5?? ÷?? ?????? ?????? ä??,ee,q,03/02~0201
??,s,5?? ÷?? ?????? ?????? ä??,ee,q,03/02~0201
??,s,5?? ÷?? ?????? ?????? ä??,ee,q,03/02~0201
??,s,5?? ÷?? ?????? ?????? ä??,ee,q,03/02~0201
??,s,5?? ÷?? ?????? ?????? ä??,ee,q,03/02~0201
??,s,5?? ÷?? ?????? ?????? ä??,ee,q,03/02~0201
??,s,5?? ÷?? ?????? ?????? ä??,ee,q,03/02~0201
??,s,5?? ÷?? ?????? ?????? ä??,ee,q,03/02~0201
??,s,5?? ÷?? ?????? ?????? ä??,ee,q,03/02~0201
??,s,5?? ÷?? ?????? ?????? ä??,ee,q,03/02~0201
??,s,5?? ÷?? ?????? ?????? ä??,ee,q,03/02~0201
